 0.58, 0.28, 0.56, 0.06, 0.58, 0.80, 0.82, 0.91, 0.03, 0.87, 0.65, 0.11, 0.95, 0.62, 0.83, 0.42, 0.89, 0.24, 0.94, 0.03, 0.13, 0.65, 0.30, 0.48, 0.50, 0.56, 0.14, 0.89, 0.57, 0.43, 0.52, 0.03, 0.81, 0.86, 0.74, 0.65, 1.00, 0.82, 0.88, 0.87, 0.42, 0.83, 0.41, 0.34, 0.45, 0.52, 0.43, 0.97, 0.12, 0.73, 0.13, 0.44, 0.51, 0.21, 0.28, 0.23, 0.09, 0.99, 0.18, 0.70, 0.32, 0.83, 0.40, 0.69, 0.99, 0.48, 0.99, 0.91, 0.79, 0.91, 0.66, 0.15, 0.34, 0.68, 0.94, 0.32, 0.31, 0.75, 0.08, 0.73, 0.12, 0.13, 0.02, 0.89, 0.94, 0.47, 0.86, 0.02, 0.65, 0.59, 0.03, 0.40, 0.51, 0.50, 0.59, 0.54, 0.26, 0.84, 0.14, 0.69
 0.82, 0.80, 0.92, 0.05, 0.81, 0.55, 0.79, 0.69, 0.72, 0.84, 0.56, 0.36, 0.99, 0.91, 0.20, 0.42, 0.13, 0.87, 0.57, 0.86, 0.99, 0.24, 0.74, 0.89, 0.40, 0.51, 0.17, 0.10, 0.21, 0.61, 0.80, 0.47, 0.63, 0.06, 0.51, 0.50, 0.78, 0.97, 0.31, 0.40, 0.62, 0.71, 0.93, 0.80, 0.33, 0.89, 0.38, 0.78, 0.70, 0.38, 0.40, 0.97, 0.39, 0.58, 0.10, 0.21, 0.68, 0.96, 0.20, 0.84, 0.13, 0.93, 0.09, 0.55, 0.07, 0.57, 0.26, 0.20, 0.39, 0.38, 0.16, 0.13, 0.37, 0.29, 0.40, 0.09, 0.16, 0.08, 0.45, 0.14, 0.11, 0.05, 0.58, 0.86, 0.10, 0.70, 0.61, 0.88, 0.35, 0.45, 0.71, 0.94, 0.77, 0.10, 0.46, 0.40, 0.26, 0.26, 0.35, 0.16
 0.10, 0.85, 0.65, 0.26, 0.94, 0.80, 0.78, 0.93, 0.35, 0.49, 0.01, 0.78, 0.43, 0.25, 0.83, 0.58, 0.22, 0.16, 0.40, 0.74, 0.16, 0.73, 0.65, 0.14, 0.87, 0.73, 0.59, 0.37, 0.44, 0.61, 0.42, 0.20, 0.86, 0.02, 0.63, 0.57, 0.96, 0.99, 0.93, 0.16, 0.49, 0.88, 0.47, 0.21, 0.99, 0.73, 0.02, 0.30, 0.79, 0.58, 0.04, 0.26, 0.12, 0.74, 0.85, 0.64, 0.16, 0.37, 0.51, 0.49, 0.33, 0.62, 0.40, 0.28, 0.97, 0.19, 0.18, 0.70, 0.27, 0.35, 0.12, 0.94, 0.12, 0.83, 0.35, 0.18, 0.88, 0.30, 0.23, 0.59, 0.14, 0.33, 0.61, 0.51, 0.69, 0.07, 0.73, 0.18, 0.40, 0.04, 0.61, 0.27, 0.83, 0.29, 0.83, 0.68, 0.53, 0.01, 0.19, 0.79
 0.47, 0.60, 0.65, 0.03, 0.63, 1.00, 0.62, 0.59, 0.15, 0.94, 0.49, 0.51, 0.17, 0.79, 0.79, 0.85, 0.78, 0.91, 0.11, 0.98, 0.96, 0.63, 0.20, 0.04, 0.75, 0.68, 0.65, 0.27, 0.79, 0.74, 0.69, 0.30, 0.97, 0.12, 0.33, 0.27, 0.84, 0.95, 0.34, 0.63, 0.61, 0.98, 0.65, 0.38, 0.62, 0.66, 0.63, 0.68, 0.85, 0.15, 0.08, 0.87, 0.27, 0.77, 0.63, 0.26, 0.24, 0.04, 0.56, 0.84, 0.41, 0.56, 0.31, 0.06, 0.36, 0.45, 0.51, 0.33, 0.43, 0.51, 0.68, 0.35, 0.02, 0.78, 0.53, 0.97, 0.03, 0.67, 0.39, 0.06, 0.74, 0.64, 0.26, 0.23, 0.87, 0.93, 0.96, 0.63, 0.98, 0.28, 0.72, 0.24, 0.55, 0.11, 0.88, 0.60, 0.40, 0.44, 0.83, 0.44
 0.39, 0.47, 0.51, 0.68, 0.70, 0.32, 0.51, 0.78, 0.32, 0.51, 0.72, 0.89, 0.83, 0.21, 0.70, 0.34, 0.95, 0.76, 0.34, 0.18, 0.53, 0.12, 0.39, 0.56, 0.49, 0.25, 0.40, 0.47, 0.41, 0.40, 0.08, 0.97, 1.00, 0.27, 0.69, 0.05, 0.15, 0.67, 0.12, 0.89, 0.68, 0.05, 0.40, 0.14, 0.73, 0.76, 0.97, 0.10, 0.29, 0.14, 0.73, 0.27, 0.01, 0.86, 0.54, 0.32, 0.13, 0.98, 0.81, 0.63, 0.09, 0.82, 0.01, 0.92, 0.48, 0.41, 0.87, 0.74, 0.89, 0.39, 0.78, 0.07, 0.02, 0.41, 0.17, 0.49, 0.41, 0.18, 0.37, 0.59, 0.21, 0.81, 0.51, 0.29, 0.81, 0.05, 0.47, 0.08, 0.18, 0.14, 0.72, 0.15, 0.50, 0.41, 0.44, 0.03, 0.91, 0.40, 0.37, 0.65
 0.84, 0.38, 0.33, 0.23, 0.63, 0.63, 0.08, 0.16, 0.58, 0.13, 0.34, 0.91, 0.99, 0.75, 0.06, 0.32, 0.20, 0.54, 0.98, 0.78, 0.43, 0.98, 0.88, 0.62, 0.50, 0.22, 0.63, 0.74, 0.94, 0.60, 0.32, 0.14, 0.10, 0.37, 0.95, 0.42, 0.34, 0.17, 0.72, 0.43, 0.00, 0.89, 0.54, 0.12, 0.10, 0.49, 0.34, 0.55, 0.40, 0.22, 0.05, 0.50, 0.22, 0.52, 0.77, 0.91, 0.77, 0.35, 0.39, 0.59, 0.68, 0.71, 0.22, 0.15, 0.05, 0.56, 0.03, 0.75, 0.50, 0.67, 0.31, 0.13, 0.20, 0.41, 0.02, 0.55, 0.11, 0.22, 0.07, 0.49, 0.30, 0.15, 0.55, 0.84, 0.00, 0.85, 0.88, 0.04, 0.56, 0.55, 0.98, 0.11, 0.64, 0.43, 0.75, 0.97, 0.17, 0.87, 0.16, 0.48
 0.91, 0.01, 0.93, 0.90, 0.63, 0.73, 0.85, 0.39, 0.30, 0.23, 0.15, 0.67, 0.24, 0.88, 0.20, 0.38, 0.87, 0.66, 0.80, 0.26, 0.13, 0.58, 0.72, 0.73, 0.85, 0.57, 0.98, 0.40, 0.80, 0.68, 0.34, 0.10, 0.90, 0.08, 0.28, 0.34, 0.30, 0.00, 0.91, 0.76, 0.68, 0.87, 0.28, 0.05, 0.11, 0.01, 0.17, 0.57, 0.94, 0.60, 0.91, 0.24, 0.08, 0.94, 0.23, 0.68, 0.18, 0.66, 0.72, 0.87, 0.41, 0.74, 0.71, 0.37, 0.68, 0.47, 0.93, 0.75, 0.01, 0.35, 0.70, 0.45, 0.25, 0.96, 0.25, 0.68, 0.82, 0.93, 0.65, 0.12, 0.09, 0.02, 0.96, 0.76, 0.30, 0.94, 0.59, 0.46, 0.08, 0.77, 0.98, 0.81, 0.66, 0.94, 0.01, 0.12, 0.99, 0.70, 0.29, 0.25
 0.09, 0.99, 0.24, 0.39, 0.82, 0.31, 0.71, 0.40, 0.05, 0.27, 0.28, 0.60, 0.69, 0.18, 0.24, 0.70, 0.09, 0.68, 0.21, 0.99, 0.68, 0.51, 0.53, 0.22, 0.48, 0.31, 0.68, 0.73, 0.58, 0.50, 0.16, 0.63, 0.48, 0.35, 0.87, 0.06, 0.03, 0.80, 0.24, 0.23, 0.05, 0.73, 0.62, 0.06, 0.41, 0.25, 0.93, 0.35, 0.75, 0.08, 0.10, 0.15, 0.44, 0.30, 0.87, 0.17, 0.82, 0.93, 0.01, 0.59, 0.89, 0.56, 0.12, 0.51, 0.58, 0.35, 0.83, 0.85, 0.28, 0.55, 0.48, 0.42, 0.31, 0.64, 0.06, 0.59, 0.79, 0.09, 0.62, 0.98, 0.29, 0.71, 0.61, 0.74, 0.15, 0.37, 0.74, 0.92, 0.67, 0.47, 0.88, 0.96, 0.70, 0.98, 0.84, 0.32, 0.50, 0.53, 0.84, 0.05
 0.85, 0.12, 0.50, 0.46, 0.26, 0.56, 0.93, 0.85, 0.80, 0.71, 0.35, 0.41, 0.44, 0.92, 0.89, 0.52, 0.83, 0.39, 0.54, 0.29, 0.84, 0.46, 0.53, 0.32, 0.10, 0.31, 0.97, 0.96, 0.02, 0.69, 0.25, 0.64, 0.11, 0.80, 0.49, 0.25, 0.94, 0.92, 0.54, 0.83, 0.49, 0.07, 0.58, 0.95, 0.68, 0.52, 0.13, 0.43, 0.80, 0.23, 0.67, 0.04, 0.42, 0.27, 0.23, 0.07, 0.49, 0.23, 0.19, 0.98, 0.18, 0.96, 0.79, 0.41, 0.57, 0.48, 0.13, 0.43, 0.66, 0.13, 0.01, 0.60, 0.57, 0.39, 0.31, 0.17, 0.36, 0.73, 0.72, 0.38, 0.46, 0.53, 0.07, 0.69, 0.81, 0.31, 0.48, 0.95, 0.82, 0.41, 0.18, 0.29, 0.23, 0.85, 0.58, 0.47, 0.64, 0.05, 0.94, 0.08
 0.09, 0.49, 0.51, 0.68, 0.65, 0.21, 0.83, 0.19, 0.23, 0.66, 0.31, 0.40, 0.76, 0.19, 0.68, 0.51, 0.30, 0.89, 0.57, 0.01, 0.83, 0.86, 0.71, 0.28, 0.92, 0.94, 0.36, 0.67, 0.10, 0.30, 0.95, 0.96, 0.92, 0.60, 0.07, 0.36, 0.26, 0.96, 0.72, 0.95, 0.98, 0.04, 0.97, 0.74, 0.04, 0.06, 0.48, 0.82, 0.31, 0.61, 0.85, 0.80, 0.83, 0.06, 0.73, 0.98, 0.26, 0.39, 0.41, 0.35, 0.56, 0.20, 0.66, 0.32, 0.47, 0.16, 0.07, 0.64, 0.64, 0.29, 0.36, 0.75, 0.39, 0.69, 0.68, 0.91, 0.89, 0.64, 0.03, 0.12, 0.94, 0.11, 0.40, 0.59, 0.22, 0.62, 0.98, 0.62, 0.03, 0.57, 0.61, 0.75, 0.17, 0.87, 0.39, 0.46, 0.17, 0.94, 0.44, 0.89
 0.14, 0.01, 0.12, 0.81, 0.06, 0.22, 0.20, 0.88, 0.53, 0.58, 0.78, 0.42, 0.93, 0.52, 0.82, 0.49, 0.99, 0.54, 0.94, 0.96, 0.69, 0.54, 0.95, 0.43, 0.21, 0.79, 0.04, 0.95, 0.61, 0.55, 0.76, 0.18, 0.84, 0.67, 0.03, 0.70, 0.77, 0.25, 0.11, 0.76, 0.97, 0.10, 0.06, 0.91, 0.22, 0.01, 0.07, 0.92, 0.33, 0.05, 0.86, 0.48, 0.80, 0.52, 0.24, 0.31, 0.76, 0.98, 0.68, 0.43, 0.60, 0.60, 0.14, 0.43, 0.34, 0.12, 0.06, 0.74, 0.15, 0.23, 0.19, 0.88, 0.73, 0.75, 0.21, 0.88, 0.18, 0.25, 0.89, 0.63, 0.80, 0.17, 0.33, 0.90, 1.00, 0.69, 0.22, 0.69, 0.32, 0.80, 0.92, 0.58, 0.57, 0.47, 0.09, 0.76, 0.91, 0.04, 0.55, 0.04
 0.40, 0.98, 0.03, 0.25, 0.07, 0.88, 0.24, 0.03, 0.66, 0.09, 0.59, 0.90, 0.83, 0.43, 0.59, 0.92, 0.77, 0.96, 0.94, 0.84, 0.02, 0.20, 0.76, 0.99, 0.78, 0.82, 0.59, 0.32, 0.52, 0.33, 0.62, 0.51, 0.48, 0.82, 0.17, 0.45, 0.04, 0.27, 0.84, 0.44, 0.84, 0.27, 0.94, 0.57, 0.94, 0.42, 0.90, 0.27, 0.57, 0.45, 0.98, 0.40, 0.02, 0.61, 0.28, 0.47, 0.43, 0.51, 0.01, 0.03, 0.28, 0.50, 0.13, 0.14, 0.64, 0.12, 0.73, 0.34, 0.76, 0.86, 0.65, 0.60, 0.13, 0.43, 0.03, 0.38, 0.42, 0.41, 0.12, 0.57, 0.44, 0.27, 0.35, 0.53, 0.66, 0.75, 0.92, 0.29, 0.83, 0.13, 0.20, 0.78, 0.88, 0.98, 0.24, 0.54, 0.63, 0.80, 0.09, 0.87
 0.78, 0.64, 0.15, 0.10, 0.64, 0.61, 0.57, 0.94, 0.67, 0.03, 0.71, 0.14, 0.78, 0.19, 0.30, 0.05, 0.61, 0.10, 0.08, 0.33, 0.27, 0.28, 0.80, 0.11, 0.91, 0.80, 0.76, 0.66, 0.51, 0.25, 0.21, 0.65, 0.40, 0.06, 0.63, 0.37, 0.30, 0.93, 0.61, 0.66, 0.23, 0.13, 0.08, 0.13, 0.65, 0.36, 0.37, 0.85, 0.07, 0.02, 0.71, 0.59, 0.67, 0.23, 0.45, 0.27, 0.05, 0.19, 0.97, 0.94, 0.36, 0.08, 0.99, 0.08, 0.75, 0.67, 0.31, 0.19, 0.60, 0.11, 0.78, 0.05, 0.27, 0.77, 0.70, 0.39, 0.06, 0.05, 0.01, 0.26, 0.28, 0.17, 0.41, 0.60, 0.42, 0.15, 0.97, 0.72, 0.17, 0.97, 0.11, 0.50, 0.02, 0.63, 0.36, 0.26, 0.97, 0.28, 0.68, 0.55
 0.88, 0.05, 0.05, 0.54, 0.23, 0.61, 0.15, 0.57, 0.11, 0.73, 0.90, 0.01, 0.96, 0.51, 0.23, 0.25, 0.40, 0.90, 0.02, 0.30, 0.24, 0.46, 0.56, 0.67, 0.13, 0.38, 0.93, 0.72, 0.42, 0.78, 0.71, 0.73, 0.99, 0.74, 0.39, 0.92, 0.26, 0.25, 0.65, 0.25, 0.99, 0.71, 0.99, 0.96, 0.79, 0.92, 0.25, 0.46, 0.50, 0.94, 0.20, 0.96, 0.77, 0.41, 0.51, 0.64, 0.67, 0.13, 0.56, 0.26, 0.11, 0.22, 0.07, 0.14, 0.16, 0.75, 0.34, 0.39, 0.51, 0.41, 0.54, 0.12, 0.73, 0.10, 0.13, 1.00, 0.16, 0.40, 0.22, 0.24, 0.09, 0.18, 0.93, 0.34, 0.08, 0.17, 0.97, 0.36, 0.97, 0.29, 0.10, 0.17, 0.09, 0.66, 0.96, 0.62, 0.54, 0.25, 0.73, 0.60
 0.00, 0.75, 0.06, 0.62, 0.96, 0.35, 0.27, 0.46, 0.40, 0.85, 0.07, 0.64, 0.42, 0.94, 0.91, 0.71, 0.55, 0.54, 0.15, 0.43, 0.38, 0.36, 0.35, 0.45, 0.40, 0.47, 0.63, 0.84, 0.31, 0.11, 0.20, 0.36, 0.08, 0.78, 0.28, 0.85, 0.03, 0.38, 0.48, 0.47, 0.65, 0.24, 0.50, 0.39, 0.91, 0.29, 0.73, 0.65, 0.80, 0.31, 0.36, 0.14, 0.22, 0.63, 0.77, 0.61, 0.41, 0.96, 0.72, 0.21, 0.88, 0.87, 0.84, 0.20, 0.41, 0.17, 0.60, 0.01, 0.43, 0.07, 0.58, 0.34, 0.81, 0.89, 0.06, 0.84, 0.89, 0.05, 0.83, 0.96, 0.20, 0.18, 0.46, 0.60, 0.29, 0.71, 0.42, 0.59, 0.16, 0.78, 0.20, 0.24, 0.58, 0.33, 0.26, 0.10, 0.17, 0.63, 0.12, 0.33
 0.67, 0.94, 0.37, 0.25, 0.80, 0.52, 0.05, 0.61, 0.10, 0.84, 0.31, 0.26, 0.55, 0.51, 0.42, 0.35, 0.48, 0.03, 0.83, 0.20, 0.80, 0.45, 0.72, 0.23, 0.59, 0.48, 0.42, 0.06, 0.63, 0.21, 0.78, 0.53, 0.03, 0.66, 0.48, 0.96, 0.71, 0.52, 0.57, 0.63, 0.25, 0.19, 0.08, 0.11, 0.32, 0.99, 0.77, 0.34, 0.87, 0.85, 0.22, 0.26, 0.54, 0.15, 0.80, 0.29, 0.35, 0.04, 0.83, 0.35, 0.28, 0.79, 0.12, 0.47, 0.99, 0.73, 0.19, 0.40, 0.08, 0.24, 0.46, 0.67, 0.30, 0.13, 0.05, 0.98, 0.89, 0.83, 0.24, 0.28, 0.24, 0.61, 0.08, 0.36, 0.31, 0.00, 0.12, 0.33, 0.71, 0.57, 0.39, 0.78, 0.97, 0.96, 0.53, 0.44, 0.43, 0.37, 0.72, 0.06
 0.92, 0.17, 0.26, 0.60, 0.67, 0.35, 0.53, 0.37, 0.13, 0.61, 0.12, 0.89, 0.11, 0.96, 0.34, 0.11, 0.52, 0.33, 0.11, 0.22, 0.70, 0.39, 0.37, 0.39, 0.84, 0.50, 0.97, 0.42, 0.67, 0.58, 0.31, 0.59, 0.41, 0.00, 0.16, 0.54, 0.38, 0.66, 0.66, 0.03, 0.01, 0.63, 0.48, 0.91, 0.63, 0.37, 0.29, 0.44, 0.86, 0.71, 0.64, 0.18, 0.76, 0.64, 0.61, 0.38, 0.05, 0.83, 0.22, 0.74, 0.59, 0.77, 0.78, 0.80, 0.80, 0.81, 0.05, 0.63, 0.53, 0.36, 0.41, 0.08, 0.83, 0.13, 0.14, 0.94, 0.55, 0.24, 0.35, 0.72, 0.96, 0.06, 0.98, 0.33, 0.76, 0.52, 0.94, 0.53, 0.68, 0.22, 0.25, 0.64, 0.05, 0.44, 0.02, 0.66, 0.20, 0.71, 0.15, 0.28
 0.11, 0.76, 0.07, 0.40, 0.78, 0.51, 0.09, 0.08, 0.62, 0.14, 0.59, 0.49, 0.52, 0.13, 0.54, 0.73, 0.13, 0.22, 0.23, 0.51, 0.02, 0.71, 0.67, 0.84, 0.98, 0.32, 0.44, 0.03, 0.47, 0.25, 0.02, 0.67, 0.55, 0.05, 0.74, 0.14, 0.26, 0.73, 0.30, 0.23, 0.50, 0.68, 0.86, 0.45, 0.12, 0.42, 0.51, 0.96, 0.16, 0.17, 0.09, 0.09, 0.14, 0.65, 0.34, 0.11, 0.07, 0.53, 0.55, 0.07, 0.62, 0.80, 0.73, 0.30, 0.92, 0.40, 0.99, 0.48, 0.63, 0.85, 0.27, 0.23, 0.37, 0.57, 0.18, 0.41, 0.77, 0.52, 0.51, 0.66, 0.62, 0.41, 0.98, 0.49, 0.42, 0.47, 0.55, 0.92, 0.42, 0.76, 0.28, 0.02, 0.80, 0.12, 0.64, 0.73, 0.29, 0.35, 0.62, 0.05
 0.12, 0.98, 0.91, 0.85, 0.99, 0.88, 0.22, 0.78, 0.94, 0.57, 0.66, 0.02, 0.24, 0.03, 0.98, 0.40, 0.30, 0.96, 0.67, 0.05, 0.73, 0.82, 0.70, 0.35, 0.65, 0.05, 0.43, 0.05, 0.24, 0.52, 0.02, 0.85, 0.43, 0.43, 0.62, 0.16, 0.50, 0.87, 0.07, 0.23, 0.27, 0.45, 0.05, 0.49, 0.71, 0.66, 0.16, 0.98, 0.42, 0.81, 0.78, 0.34, 0.22, 0.68, 0.33, 0.84, 0.91, 0.65, 0.21, 0.63, 0.44, 0.98, 0.29, 0.25, 0.43, 0.69, 0.26, 0.69, 0.01, 0.33, 0.65, 0.29, 0.48, 0.26, 0.11, 0.70, 0.96, 0.85, 0.81, 0.24, 0.46, 0.17, 0.99, 0.17, 0.93, 0.71, 0.28, 0.83, 0.55, 0.28, 0.05, 0.09, 0.72, 0.65, 0.98, 0.30, 0.08, 0.61, 0.39, 0.13
 0.84, 0.30, 0.24, 0.82, 0.68, 0.05, 0.48, 0.52, 0.11, 0.47, 0.47, 0.02, 0.06, 0.88, 0.25, 0.74, 0.83, 0.95, 0.28, 0.32, 0.73, 0.46, 0.92, 0.63, 0.66, 0.66, 0.26, 0.19, 0.82, 0.12, 0.14, 0.38, 0.74, 0.68, 0.38, 0.73, 0.03, 0.69, 0.73, 0.47, 0.10, 0.63, 0.48, 0.83, 0.77, 0.10, 0.93, 0.17, 0.95, 0.99, 0.48, 0.59, 0.49, 0.61, 0.82, 0.20, 0.72, 0.50, 0.42, 0.24, 0.50, 0.25, 0.42, 0.22, 0.18, 0.49, 0.39, 0.51, 0.77, 0.43, 0.15, 0.01, 0.29, 0.43, 0.93, 0.62, 0.42, 0.54, 0.73, 0.53, 0.71, 0.03, 0.53, 0.10, 0.96, 0.79, 0.63, 0.82, 0.24, 0.78, 0.09, 0.50, 0.19, 0.29, 0.34, 0.98, 0.24, 0.09, 0.37, 0.43
 0.43, 0.62, 0.97, 0.41, 0.55, 0.83, 0.22, 0.32, 0.32, 0.21, 0.01, 0.02, 0.70, 0.28, 0.26, 0.22, 0.01, 0.03, 0.05, 0.19, 0.74, 0.90, 0.66, 0.75, 0.21, 0.91, 0.51, 0.59, 0.04, 0.08, 0.26, 0.95, 0.15, 0.49, 0.66, 0.27, 0.44, 0.07, 0.50, 0.25, 0.72, 0.92, 0.41, 0.37, 0.62, 0.67, 0.06, 0.73, 0.09, 0.98, 0.50, 0.67, 0.02, 0.78, 0.76, 0.26, 0.12, 0.93, 0.08, 0.12, 0.93, 0.21, 0.22, 0.81, 0.71, 0.07, 0.01, 0.05, 0.23, 0.44, 0.84, 0.65, 0.13, 0.14, 0.43, 0.95, 0.10, 0.83, 0.26, 0.62, 0.47, 0.12, 0.98, 0.23, 0.70, 0.93, 0.60, 0.90, 0.22, 0.27, 0.41, 0.18, 0.41, 0.71, 0.25, 0.16, 0.92, 0.30, 0.52, 0.15
 0.59, 0.65, 0.82, 0.18, 0.66, 0.13, 0.15, 0.29, 0.61, 0.93, 0.76, 0.59, 0.35, 0.84, 0.75, 0.82, 0.54, 0.83, 0.71, 0.34, 0.84, 0.09, 0.11, 0.74, 0.10, 0.59, 0.38, 0.87, 0.14, 0.03, 0.83, 0.12, 0.50, 0.30, 0.14, 0.51, 0.19, 0.07, 0.18, 0.41, 0.08, 0.44, 0.41, 0.73, 0.19, 0.77, 0.83, 0.46, 0.12, 0.00, 0.42, 0.66, 0.56, 0.51, 0.10, 0.13, 0.90, 0.88, 0.05, 0.19, 0.13, 0.84, 0.71, 0.26, 0.18, 0.59, 0.34, 0.06, 0.19, 0.52, 0.78, 0.95, 0.70, 0.99, 0.53, 0.92, 0.46, 0.38, 0.65, 0.18, 0.02, 0.22, 0.58, 0.78, 0.40, 0.66, 0.35, 0.01, 0.04, 0.03, 0.16, 0.87, 0.83, 0.09, 0.45, 0.21, 0.59, 0.16, 0.41, 0.07
 0.85, 0.92, 0.38, 0.22, 0.51, 0.14, 0.20, 0.72, 0.86, 0.92, 0.75, 0.87, 0.48, 0.05, 0.19, 0.52, 0.55, 0.69, 0.35, 0.83, 0.14, 0.66, 0.68, 0.26, 0.62, 0.32, 0.55, 0.82, 0.22, 0.50, 0.11, 0.19, 0.98, 0.86, 0.83, 0.85, 0.14, 0.88, 0.14, 0.72, 0.73, 0.29, 0.63, 0.51, 0.06, 0.78, 0.28, 0.62, 0.71, 0.40, 0.28, 0.03, 0.95, 0.55, 0.75, 0.57, 0.82, 0.04, 0.35, 0.39, 0.61, 0.81, 0.58, 0.82, 0.79, 0.54, 0.76, 0.87, 0.86, 0.99, 0.98, 0.70, 0.20, 0.02, 0.18, 0.10, 0.66, 0.11, 0.68, 0.86, 0.53, 0.74, 0.31, 0.44, 0.56, 0.54, 0.39, 0.43, 0.64, 0.22, 0.43, 0.17, 0.38, 0.43, 0.64, 0.74, 0.34, 0.91, 0.44, 0.27
 0.26, 0.25, 0.10, 0.09, 0.04, 0.91, 0.42, 0.78, 0.38, 0.91, 0.27, 0.76, 0.25, 0.48, 0.83, 0.51, 0.66, 0.61, 0.39, 1.00, 0.72, 0.78, 0.79, 0.43, 0.37, 0.24, 0.82, 0.46, 0.32, 0.36, 0.60, 0.03, 0.40, 0.75, 0.31, 0.40, 0.00, 0.36, 0.62, 0.64, 0.33, 0.93, 0.82, 0.88, 0.47, 0.54, 0.10, 0.65, 0.78, 0.13, 0.05, 0.62, 0.13, 0.83, 0.04, 0.30, 0.27, 0.14, 0.54, 0.64, 0.53, 0.50, 0.12, 0.65, 0.55, 0.84, 0.30, 0.44, 0.63, 0.91, 0.13, 0.88, 0.30, 0.63, 0.27, 0.20, 0.67, 0.89, 0.67, 0.79, 0.80, 0.09, 0.13, 0.96, 0.41, 0.04, 0.99, 0.93, 0.48, 0.72, 0.44, 0.58, 0.98, 0.28, 0.37, 0.31, 0.94, 0.88, 0.46, 0.97
 0.48, 0.84, 0.63, 0.96, 0.95, 0.68, 0.11, 0.43, 0.86, 0.91, 0.78, 0.30, 0.71, 0.65, 0.55, 0.85, 0.35, 0.30, 0.12, 0.92, 0.30, 0.98, 0.66, 0.04, 0.88, 0.73, 0.28, 0.35, 0.78, 0.10, 0.53, 0.81, 0.58, 0.26, 0.45, 0.20, 0.18, 0.22, 0.34, 0.29, 0.90, 0.71, 0.00, 0.74, 0.08, 0.47, 0.16, 0.04, 0.98, 0.99, 0.07, 0.02, 0.40, 0.89, 0.34, 0.92, 0.26, 0.82, 0.63, 0.66, 0.58, 0.38, 0.27, 0.14, 1.00, 0.62, 0.34, 0.08, 0.56, 0.25, 0.14, 0.78, 1.00, 0.72, 0.68, 0.84, 0.84, 0.32, 0.00, 0.37, 0.07, 0.13, 0.63, 0.88, 0.26, 0.03, 0.60, 0.87, 0.61, 0.18, 0.85, 0.60, 0.69, 0.82, 0.84, 0.52, 0.22, 0.67, 0.73, 0.13
 0.96, 0.01, 0.57, 0.36, 0.14, 0.95, 0.72, 0.65, 0.55, 0.58, 0.59, 0.87, 0.18, 0.37, 0.65, 0.15, 0.33, 0.88, 0.17, 0.09, 0.55, 0.27, 0.43, 0.67, 0.84, 0.84, 0.75, 0.62, 0.30, 0.32, 0.40, 0.63, 0.76, 0.78, 0.16, 0.04, 0.18, 0.27, 0.41, 0.83, 0.03, 0.40, 0.63, 0.97, 0.15, 0.53, 0.62, 0.85, 0.51, 0.79, 0.65, 0.55, 0.86, 0.88, 0.80, 0.57, 0.34, 0.71, 0.82, 0.96, 0.28, 0.39, 0.36, 0.85, 0.35, 0.75, 0.12, 0.27, 0.43, 0.84, 0.20, 0.31, 1.00, 0.53, 0.04, 0.30, 0.69, 0.27, 0.06, 0.14, 0.74, 0.02, 0.98, 0.48, 0.25, 0.16, 0.01, 0.24, 0.67, 0.89, 0.33, 0.11, 0.06, 0.17, 0.18, 0.27, 0.52, 0.16, 0.78, 0.38
 0.45, 0.33, 0.43, 0.73, 0.07, 0.83, 0.53, 0.72, 0.95, 0.47, 0.42, 0.18, 0.86, 0.67, 0.67, 0.72, 0.67, 0.35, 0.66, 0.28, 0.78, 0.08, 0.80, 0.08, 0.28, 0.82, 0.22, 0.77, 0.39, 0.10, 0.27, 0.84, 0.18, 0.95, 0.43, 0.44, 0.93, 0.83, 0.42, 0.12, 0.04, 0.54, 0.57, 0.52, 0.68, 0.05, 0.69, 0.02, 0.09, 0.77, 0.03, 0.64, 0.40, 0.14, 0.70, 0.59, 0.63, 0.18, 0.47, 0.99, 0.60, 0.26, 0.58, 0.97, 0.11, 0.25, 0.46, 0.61, 0.75, 0.76, 0.83, 0.44, 0.60, 0.69, 0.35, 0.80, 0.98, 0.83, 0.29, 0.03, 0.38, 0.46, 0.38, 0.47, 0.04, 0.45, 0.24, 0.02, 0.01, 0.75, 0.34, 0.88, 0.49, 0.53, 0.75, 0.46, 0.98, 0.89, 0.75, 0.11
 0.62, 0.49, 0.19, 0.53, 0.32, 0.10, 0.40, 0.79, 0.88, 0.41, 0.90, 0.31, 0.74, 0.66, 0.57, 0.18, 0.23, 0.38, 0.35, 0.07, 0.10, 0.56, 0.83, 0.15, 0.79, 0.16, 0.87, 0.21, 0.12, 0.84, 0.78, 0.59, 1.00, 0.83, 0.37, 0.70, 0.15, 0.41, 0.88, 0.77, 0.10, 0.02, 0.97, 0.19, 0.68, 0.75, 0.73, 0.06, 0.66, 0.52, 0.38, 0.76, 0.29, 0.71, 0.21, 0.71, 0.16, 0.33, 0.89, 0.13, 0.82, 0.73, 0.54, 0.44, 0.71, 0.59, 0.50, 0.62, 0.56, 0.10, 0.77, 0.23, 0.33, 0.40, 0.53, 0.32, 0.90, 0.42, 0.49, 0.49, 0.69, 0.05, 0.85, 0.84, 0.89, 0.56, 0.67, 0.66, 0.36, 0.07, 0.20, 0.94, 0.11, 0.64, 0.35, 0.21, 0.79, 0.94, 0.49, 0.31
 0.47, 0.31, 0.81, 0.62, 0.98, 0.24, 0.78, 0.30, 0.29, 0.21, 0.26, 0.45, 0.36, 0.94, 0.65, 0.24, 0.37, 0.41, 0.38, 0.16, 0.79, 0.37, 0.31, 0.55, 0.03, 0.55, 0.38, 0.07, 0.97, 0.79, 0.64, 0.71, 0.73, 0.58, 0.15, 0.23, 0.03, 0.60, 0.20, 0.64, 0.57, 0.40, 0.66, 0.22, 0.54, 0.86, 0.40, 0.71, 0.03, 0.52, 0.24, 0.86, 0.83, 0.28, 0.85, 0.99, 0.11, 0.29, 0.20, 0.21, 0.10, 0.31, 0.06, 0.95, 0.75, 0.97, 0.98, 0.35, 0.64, 0.50, 1.00, 0.95, 0.23, 0.31, 0.88, 0.04, 0.65, 0.71, 0.95, 0.38, 0.79, 0.17, 0.51, 0.74, 0.44, 0.04, 0.78, 0.58, 0.24, 0.02, 0.34, 0.67, 0.02, 0.16, 0.62, 0.57, 0.83, 0.61, 0.33, 0.95
 0.97, 0.92, 0.88, 0.75, 0.51, 0.41, 0.10, 0.39, 0.52, 0.59, 0.88, 0.84, 0.55, 0.56, 0.52, 0.04, 0.22, 0.92, 0.79, 0.04, 0.05, 0.99, 0.35, 0.72, 0.60, 0.17, 0.43, 0.57, 0.61, 0.66, 0.91, 0.20, 0.45, 0.42, 0.11, 0.41, 0.17, 0.82, 0.19, 0.89, 0.78, 0.99, 0.75, 0.37, 0.58, 0.60, 0.39, 0.70, 0.98, 0.28, 0.41, 0.55, 0.24, 0.30, 0.96, 0.51, 0.92, 0.41, 0.43, 0.83, 0.39, 0.56, 0.49, 0.19, 0.97, 0.43, 0.58, 0.97, 0.68, 0.86, 0.61, 0.88, 0.14, 0.07, 0.28, 0.43, 0.79, 0.10, 0.49, 0.52, 0.50, 0.06, 1.00, 0.31, 0.90, 0.18, 0.54, 0.13, 0.92, 0.94, 0.72, 0.20, 0.90, 0.34, 0.36, 0.24, 0.52, 0.60, 0.80, 0.23
 0.50, 0.61, 0.57, 0.80, 0.00, 0.12, 0.89, 0.20, 0.77, 0.18, 0.14, 0.01, 0.96, 0.45, 0.95, 0.20, 0.78, 0.97, 0.67, 0.87, 0.51, 0.61, 0.70, 0.04, 0.88, 0.87, 0.14, 0.13, 0.56, 0.18, 0.05, 0.33, 0.04, 0.80, 0.67, 0.41, 0.62, 0.20, 0.26, 0.57, 0.75, 0.96, 0.98, 0.84, 0.44, 0.15, 0.88, 0.87, 0.46, 0.97, 0.77, 0.26, 0.06, 0.12, 0.28, 0.83, 0.70, 0.34, 0.89, 0.74, 0.98, 0.05, 0.40, 0.74, 0.79, 0.55, 0.34, 0.30, 0.42, 0.20, 0.07, 0.98, 0.32, 0.11, 0.21, 0.41, 0.42, 0.20, 0.33, 0.25, 0.20, 0.74, 0.79, 0.83, 0.75, 0.65, 0.40, 0.53, 0.22, 0.46, 0.98, 0.09, 0.73, 0.12, 0.47, 0.91, 0.30, 0.82, 1.00, 0.36
 0.09, 0.61, 0.97, 0.38, 0.29, 0.73, 0.26, 0.67, 0.82, 0.42, 0.81, 0.49, 0.76, 0.16, 0.21, 0.87, 0.40, 0.82, 0.73, 0.33, 0.93, 0.23, 0.43, 0.05, 0.16, 0.94, 0.99, 0.83, 0.32, 0.59, 0.68, 0.53, 0.37, 0.92, 0.29, 0.97, 0.25, 0.89, 0.77, 0.62, 0.52, 0.40, 0.07, 0.42, 0.36, 0.02, 0.65, 0.54, 0.35, 0.70, 0.77, 0.09, 0.13, 0.22, 0.49, 0.34, 0.38, 0.24, 0.30, 0.30, 0.28, 0.21, 0.28, 0.53, 0.28, 0.68, 0.36, 0.31, 0.75, 0.23, 0.27, 0.16, 0.99, 0.81, 0.95, 0.24, 0.25, 0.40, 0.29, 0.14, 0.88, 0.00, 0.89, 0.57, 0.52, 0.88, 0.13, 0.96, 0.52, 0.10, 0.52, 0.32, 0.29, 0.14, 0.16, 0.16, 0.50, 0.79, 0.31, 0.88
 0.57, 0.67, 0.44, 0.79, 0.74, 0.00, 0.83, 0.20, 0.07, 0.43, 0.26, 0.94, 0.60, 0.23, 0.21, 0.35, 0.58, 0.22, 0.29, 0.54, 0.60, 0.18, 0.24, 0.61, 0.72, 0.53, 0.63, 0.65, 0.54, 0.89, 0.06, 0.27, 0.02, 0.90, 0.65, 0.87, 0.12, 0.79, 0.09, 0.92, 0.86, 0.66, 0.28, 0.66, 0.97, 0.02, 0.12, 0.61, 0.78, 0.06, 0.99, 0.36, 0.39, 0.61, 0.34, 0.82, 0.33, 0.05, 0.65, 0.77, 0.41, 0.04, 0.85, 0.38, 0.38, 0.92, 0.52, 0.50, 0.88, 0.55, 0.80, 0.83, 0.66, 0.96, 0.96, 0.80, 0.45, 0.22, 0.83, 0.00, 0.65, 0.67, 0.82, 0.52, 0.46, 0.03, 0.74, 0.66, 0.77, 0.44, 0.33, 0.91, 0.20, 0.55, 0.07, 0.96, 0.38, 0.40, 0.59, 0.09
 0.30, 0.47, 0.18, 0.34, 0.62, 0.77, 0.65, 0.45, 0.01, 0.60, 0.73, 0.02, 0.77, 0.77, 0.57, 0.97, 0.59, 0.02, 0.23, 0.27, 0.08, 0.31, 0.62, 0.82, 0.33, 0.31, 0.90, 0.63, 0.54, 0.22, 0.37, 0.35, 0.99, 0.03, 0.10, 0.31, 0.90, 0.17, 0.74, 0.41, 0.31, 0.59, 0.44, 0.47, 0.99, 0.47, 0.80, 0.60, 0.49, 0.83, 0.44, 0.89, 0.85, 0.17, 0.71, 0.85, 0.60, 0.77, 0.95, 0.08, 0.99, 0.35, 0.52, 0.88, 0.02, 0.79, 0.14, 0.21, 0.06, 0.89, 0.83, 0.96, 0.57, 0.63, 0.36, 0.74, 0.24, 0.44, 0.06, 0.26, 0.38, 0.26, 0.40, 0.44, 0.17, 0.97, 0.52, 0.07, 0.22, 0.48, 0.72, 0.84, 0.52, 0.21, 0.73, 0.98, 0.59, 0.62, 0.52, 0.87
 0.97, 0.68, 0.56, 0.34, 0.94, 0.41, 0.16, 0.72, 0.62, 0.81, 0.36, 0.79, 0.52, 0.90, 0.10, 0.19, 0.01, 0.37, 0.57, 0.82, 0.99, 0.25, 0.68, 0.71, 0.58, 0.17, 0.35, 0.99, 0.39, 0.18, 0.21, 0.26, 0.70, 0.08, 0.74, 0.27, 0.73, 0.87, 0.37, 0.25, 0.68, 0.93, 0.64, 0.33, 0.18, 0.87, 0.40, 0.15, 0.44, 0.12, 0.98, 0.80, 0.61, 0.25, 0.38, 0.30, 0.45, 0.34, 0.95, 0.51, 0.50, 0.53, 0.18, 0.87, 0.71, 0.49, 0.31, 0.95, 0.52, 0.60, 0.03, 0.33, 0.92, 0.94, 0.30, 0.47, 0.96, 0.12, 0.88, 0.16, 0.73, 0.83, 0.84, 0.54, 0.50, 0.90, 0.39, 0.57, 0.66, 0.71, 0.19, 0.04, 0.21, 0.18, 0.56, 0.72, 0.82, 0.58, 0.54, 0.10
 0.69, 0.40, 0.85, 0.84, 0.02, 0.99, 0.97, 0.11, 0.55, 0.29, 0.83, 0.17, 0.39, 0.86, 0.94, 0.46, 0.93, 0.75, 0.34, 0.69, 0.37, 0.91, 0.19, 0.39, 0.44, 0.30, 0.70, 0.28, 0.98, 0.66, 0.46, 0.66, 0.72, 0.03, 0.50, 0.53, 0.58, 0.52, 0.25, 0.93, 0.40, 0.18, 0.80, 0.10, 0.13, 0.05, 0.05, 0.99, 0.89, 0.84, 0.73, 0.83, 0.23, 0.23, 0.36, 0.42, 0.11, 0.08, 0.13, 0.19, 0.40, 0.27, 0.25, 0.17, 0.12, 0.05, 0.14, 0.01, 0.97, 0.01, 0.13, 0.43, 0.69, 0.99, 0.67, 0.57, 0.83, 0.42, 0.40, 0.57, 0.45, 0.07, 0.90, 0.12, 0.64, 0.35, 0.66, 0.13, 0.21, 0.95, 0.96, 0.97, 0.06, 0.33, 0.99, 0.43, 0.11, 0.16, 0.69, 0.64
 0.86, 0.31, 0.94, 0.19, 0.50, 0.74, 0.76, 0.17, 0.30, 0.11, 0.58, 0.74, 0.08, 0.49, 0.92, 0.72, 0.43, 0.03, 0.27, 0.07, 0.98, 0.94, 0.15, 0.78, 0.23, 0.26, 0.27, 0.90, 0.07, 0.89, 0.35, 0.87, 0.81, 0.29, 0.53, 0.41, 0.19, 0.59, 0.52, 0.28, 0.63, 0.45, 0.76, 0.88, 0.76, 0.97, 0.28, 0.86, 0.83, 0.91, 0.35, 0.07, 0.45, 0.82, 0.73, 0.12, 0.05, 0.85, 0.30, 0.68, 0.94, 0.67, 0.02, 0.89, 0.90, 0.67, 0.65, 0.42, 0.31, 0.31, 0.38, 0.36, 0.94, 0.55, 0.43, 0.60, 0.29, 0.55, 0.98, 0.08, 0.48, 0.90, 0.97, 0.60, 0.55, 0.65, 0.09, 0.88, 0.79, 0.12, 0.43, 0.15, 0.14, 0.59, 0.24, 0.84, 0.08, 0.44, 0.01, 0.51
 0.49, 0.47, 0.99, 0.82, 0.55, 0.07, 0.84, 0.74, 0.53, 0.85, 0.73, 0.64, 0.19, 0.08, 0.08, 0.16, 0.48, 0.44, 0.40, 0.86, 0.24, 0.22, 0.29, 0.15, 0.93, 0.96, 0.84, 0.51, 0.08, 0.92, 0.21, 0.43, 0.45, 0.93, 0.05, 0.38, 0.40, 0.92, 0.02, 0.86, 0.12, 0.94, 0.70, 0.17, 0.62, 0.46, 0.37, 0.91, 0.73, 0.38, 0.73, 0.66, 0.71, 0.18, 1.00, 0.03, 0.85, 0.87, 0.94, 0.90, 0.48, 0.40, 0.85, 0.54, 0.74, 0.01, 0.50, 0.45, 0.45, 0.05, 0.87, 0.77, 0.37, 0.00, 0.34, 0.78, 0.27, 0.72, 0.02, 0.12, 0.01, 0.59, 0.83, 0.76, 0.05, 0.69, 0.73, 0.63, 0.58, 0.94, 0.21, 0.05, 0.51, 0.23, 0.74, 0.47, 0.96, 0.09, 0.59, 0.76
 0.68, 0.39, 0.83, 0.25, 0.73, 0.45, 0.08, 0.09, 0.81, 0.60, 0.97, 0.16, 0.67, 0.39, 0.50, 0.90, 0.57, 0.05, 0.26, 0.85, 0.89, 0.09, 0.40, 0.65, 0.39, 0.62, 0.51, 0.08, 0.63, 0.53, 0.71, 0.43, 0.68, 0.12, 0.52, 0.26, 0.55, 0.47, 0.55, 0.85, 0.41, 0.88, 0.18, 0.97, 0.67, 0.11, 0.60, 0.53, 0.37, 0.68, 0.19, 0.27, 0.15, 0.97, 0.04, 0.43, 0.53, 0.80, 0.89, 0.68, 0.67, 0.04, 0.19, 0.67, 0.40, 0.64, 0.63, 0.68, 0.30, 0.02, 0.31, 0.41, 0.69, 0.29, 0.46, 0.27, 0.90, 0.50, 0.66, 0.57, 0.10, 0.40, 0.60, 0.70, 0.14, 0.16, 0.96, 0.65, 0.05, 0.97, 0.56, 0.18, 0.03, 0.97, 0.15, 0.75, 0.66, 0.38, 0.32, 0.02
 0.39, 0.70, 0.83, 0.86, 0.76, 0.65, 0.38, 0.22, 0.02, 0.20, 0.25, 0.78, 0.26, 0.54, 0.27, 0.87, 0.80, 0.98, 0.48, 0.45, 0.63, 0.27, 0.97, 0.19, 0.34, 0.40, 0.42, 0.17, 0.33, 0.20, 0.92, 0.22, 0.68, 0.88, 0.01, 0.86, 0.34, 0.99, 0.34, 0.81, 0.72, 0.89, 0.41, 0.29, 0.89, 0.71, 0.94, 0.04, 0.74, 0.67, 0.64, 0.68, 0.35, 1.00, 0.14, 0.74, 0.81, 0.18, 0.21, 0.43, 0.52, 0.86, 0.32, 0.17, 0.79, 0.86, 0.16, 0.14, 0.02, 0.17, 0.85, 0.52, 0.60, 0.68, 0.86, 0.68, 0.47, 0.81, 0.89, 0.99, 0.54, 0.22, 0.31, 0.35, 0.52, 0.34, 0.45, 0.20, 0.97, 0.64, 0.40, 0.45, 0.72, 0.59, 0.65, 0.10, 0.51, 0.57, 0.24, 0.74
 0.60, 0.50, 0.24, 0.50, 0.77, 0.88, 0.23, 0.96, 0.31, 0.96, 0.99, 0.26, 0.31, 0.69, 0.86, 0.92, 0.41, 0.33, 0.83, 0.68, 0.15, 0.06, 0.20, 0.44, 0.89, 0.50, 0.36, 0.70, 0.80, 0.92, 0.42, 0.03, 0.20, 0.33, 0.19, 0.88, 0.37, 0.10, 0.33, 0.44, 0.64, 0.45, 0.55, 0.73, 0.18, 0.81, 0.51, 0.98, 0.19, 0.87, 0.11, 0.63, 0.24, 0.31, 0.29, 0.49, 0.21, 0.14, 0.45, 0.96, 0.56, 0.45, 0.92, 0.41, 0.78, 0.63, 0.23, 0.67, 0.58, 0.38, 0.52, 0.61, 0.38, 0.81, 0.36, 0.39, 0.55, 0.28, 0.99, 0.83, 0.55, 0.98, 0.16, 0.03, 0.37, 0.33, 0.30, 0.45, 0.74, 0.74, 0.61, 0.53, 0.41, 0.44, 0.49, 0.47, 0.32, 0.78, 0.93, 0.03
 0.82, 0.28, 0.72, 0.41, 0.65, 0.04, 0.82, 0.39, 0.04, 0.55, 0.91, 0.37, 0.45, 0.93, 0.38, 0.04, 0.69, 0.38, 0.14, 0.43, 0.36, 0.53, 0.50, 0.04, 1.00, 0.64, 0.18, 0.83, 0.53, 0.40, 0.42, 0.96, 0.17, 0.18, 0.86, 0.25, 0.88, 0.63, 0.61, 0.15, 0.47, 0.26, 0.70, 0.45, 0.08, 0.29, 0.60, 0.68, 0.61, 0.17, 0.31, 0.57, 0.33, 0.50, 0.92, 0.53, 0.50, 0.16, 0.82, 0.65, 0.93, 0.76, 0.37, 0.99, 0.71, 0.13, 0.84, 0.85, 0.58, 0.88, 0.38, 0.30, 0.21, 0.88, 0.57, 0.61, 0.77, 0.85, 0.54, 0.75, 0.01, 0.03, 0.87, 0.89, 0.29, 0.68, 0.08, 0.68, 0.72, 0.37, 0.71, 0.88, 0.69, 0.63, 0.03, 0.15, 0.64, 0.22, 0.38, 0.47
 0.61, 0.56, 0.40, 0.60, 0.32, 0.36, 0.17, 0.05, 0.34, 0.24, 0.80, 0.54, 0.16, 0.20, 0.31, 0.44, 0.52, 0.35, 0.71, 0.69, 0.22, 0.07, 0.24, 0.28, 0.83, 0.03, 0.57, 0.12, 0.89, 0.05, 0.99, 0.64, 0.12, 0.90, 0.87, 0.23, 0.27, 0.13, 0.31, 0.12, 0.59, 0.38, 0.09, 0.60, 0.71, 0.92, 0.09, 0.51, 0.90, 0.11, 0.15, 0.39, 0.91, 0.10, 0.85, 0.80, 0.01, 0.60, 0.80, 0.07, 0.12, 0.53, 0.04, 0.03, 0.86, 0.18, 0.96, 0.32, 0.61, 0.48, 0.29, 0.76, 0.44, 0.27, 0.49, 0.40, 0.13, 0.77, 0.10, 0.97, 0.50, 0.69, 0.05, 0.53, 0.30, 0.20, 0.01, 0.20, 0.08, 0.79, 0.11, 0.99, 0.48, 0.95, 0.32, 0.00, 0.61, 0.20, 0.56, 0.75
 0.98, 0.84, 0.62, 0.58, 0.69, 0.58, 0.73, 0.32, 0.12, 0.39, 0.50, 0.93, 0.66, 0.76, 0.24, 0.82, 0.46, 0.62, 0.36, 0.83, 0.36, 0.84, 0.24, 0.93, 0.36, 0.22, 0.33, 0.29, 0.44, 0.63, 0.54, 0.61, 0.99, 1.00, 0.25, 0.27, 0.28, 0.71, 0.95, 0.67, 0.54, 0.10, 0.66, 0.79, 0.80, 0.17, 0.62, 0.70, 0.02, 0.06, 0.23, 0.39, 0.03, 0.34, 0.93, 0.38, 0.39, 0.09, 0.79, 0.56, 0.06, 0.54, 0.76, 0.82, 0.54, 0.11, 0.46, 0.16, 0.97, 0.47, 0.29, 0.50, 0.30, 0.71, 0.71, 0.54, 0.46, 0.58, 0.35, 0.31, 0.47, 0.62, 0.37, 0.93, 0.09, 0.18, 0.26, 0.83, 0.02, 0.47, 0.74, 0.83, 0.57, 0.32, 0.08, 0.18, 0.76, 0.96, 0.15, 0.93
 0.71, 0.37, 0.55, 0.73, 0.07, 0.34, 0.00, 0.87, 0.46, 0.50, 0.59, 0.23, 0.10, 0.31, 0.39, 0.05, 0.21, 0.52, 0.96, 0.84, 0.31, 0.17, 0.74, 0.40, 0.80, 0.41, 0.87, 0.96, 0.39, 0.13, 0.10, 0.36, 0.09, 0.77, 0.70, 0.72, 0.54, 0.08, 0.13, 0.69, 0.81, 0.81, 0.98, 0.59, 0.93, 0.52, 0.59, 0.66, 0.64, 0.14, 0.22, 0.24, 0.18, 0.70, 0.53, 0.30, 0.10, 0.07, 0.39, 0.98, 0.33, 0.35, 0.44, 0.64, 0.08, 0.19, 0.96, 0.29, 0.66, 0.91, 0.16, 0.48, 0.12, 0.13, 0.21, 0.04, 0.95, 0.54, 0.83, 0.12, 0.22, 0.81, 0.27, 0.94, 0.48, 0.04, 0.48, 0.55, 0.66, 0.28, 0.76, 0.64, 0.31, 0.74, 0.03, 0.95, 0.23, 0.15, 0.09, 0.34
 0.15, 0.63, 0.25, 0.27, 0.09, 0.16, 0.89, 0.11, 0.10, 0.81, 0.21, 0.17, 0.63, 0.60, 0.33, 0.09, 0.43, 0.74, 0.29, 0.26, 0.58, 0.99, 0.64, 0.78, 0.32, 0.42, 0.06, 0.18, 0.61, 0.89, 0.59, 0.08, 0.11, 0.42, 1.00, 0.21, 0.40, 0.84, 0.52, 0.53, 0.68, 0.14, 0.22, 0.78, 0.07, 0.87, 0.62, 0.36, 0.00, 0.58, 0.16, 0.32, 0.08, 0.45, 0.43, 0.17, 0.38, 0.48, 0.57, 0.74, 0.90, 0.00, 0.85, 0.27, 0.51, 0.69, 0.35, 0.16, 0.44, 0.44, 0.17, 0.14, 0.87, 0.01, 0.34, 0.73, 0.30, 0.45, 0.89, 0.09, 0.89, 0.94, 0.89, 0.32, 0.87, 0.61, 0.07, 0.03, 0.44, 0.85, 0.96, 0.89, 0.01, 0.85, 0.38, 0.12, 0.52, 0.68, 0.21, 0.61
 0.70, 0.52, 0.97, 0.65, 0.63, 0.93, 0.25, 0.19, 0.01, 0.19, 0.43, 0.09, 0.91, 0.29, 0.67, 0.32, 0.22, 0.81, 0.50, 0.41, 0.56, 0.62, 0.07, 0.90, 0.93, 0.20, 0.54, 0.38, 0.88, 0.21, 0.36, 0.45, 0.72, 0.78, 0.44, 0.00, 0.90, 0.11, 0.62, 0.49, 0.21, 0.76, 0.91, 0.86, 0.12, 0.29, 0.09, 0.44, 0.46, 0.95, 0.51, 0.71, 0.29, 0.06, 0.80, 0.04, 0.72, 0.78, 0.15, 0.84, 0.07, 0.33, 0.96, 0.08, 0.73, 0.30, 0.38, 0.61, 0.64, 0.41, 0.22, 0.35, 0.57, 0.06, 0.97, 0.13, 0.60, 0.82, 0.07, 0.15, 0.31, 0.03, 0.19, 0.14, 0.17, 0.81, 0.85, 0.70, 0.81, 0.21, 0.12, 0.00, 0.26, 0.33, 0.57, 0.96, 0.18, 0.71, 0.86, 0.02
 0.71, 0.88, 0.18, 0.69, 0.29, 0.73, 0.51, 0.28, 0.15, 0.94, 0.15, 0.81, 0.79, 0.98, 0.43, 0.07, 0.11, 0.44, 0.06, 0.17, 0.81, 0.12, 0.34, 0.57, 0.36, 0.37, 0.97, 0.24, 0.91, 0.10, 0.50, 0.67, 0.55, 0.84, 0.19, 0.88, 0.27, 0.10, 0.95, 0.33, 0.61, 0.25, 0.14, 0.92, 0.71, 0.98, 0.66, 0.87, 0.33, 0.07, 0.90, 0.48, 0.94, 0.70, 0.15, 0.80, 0.60, 0.76, 0.40, 0.73, 0.47, 0.16, 0.10, 0.72, 0.10, 0.51, 0.58, 0.37, 0.68, 0.17, 0.11, 0.30, 0.89, 0.91, 0.00, 0.23, 0.62, 0.23, 0.51, 0.60, 0.41, 0.61, 0.99, 0.66, 0.68, 0.72, 0.05, 0.12, 0.97, 0.74, 0.36, 0.50, 0.46, 0.79, 0.09, 0.59, 0.51, 0.83, 0.03, 0.79
 0.81, 0.72, 0.91, 0.75, 0.76, 0.87, 0.45, 0.59, 0.21, 0.91, 0.77, 0.66, 0.75, 0.40, 0.12, 0.65, 0.35, 0.17, 0.42, 0.42, 0.19, 0.43, 0.56, 0.30, 0.79, 0.46, 0.19, 0.64, 0.22, 0.83, 0.83, 0.60, 0.63, 0.98, 0.26, 0.86, 0.03, 0.18, 0.84, 0.69, 0.38, 0.70, 0.37, 0.49, 0.33, 0.84, 0.82, 0.56, 0.01, 0.71, 0.89, 0.77, 0.62, 0.65, 0.43, 0.21, 0.70, 0.04, 0.04, 0.36, 0.52, 0.52, 0.00, 0.44, 0.82, 0.92, 0.52, 0.30, 0.80, 0.71, 0.10, 0.10, 0.99, 0.74, 0.70, 0.47, 0.75, 0.17, 0.87, 0.68, 0.70, 0.10, 0.26, 0.12, 0.30, 0.96, 0.03, 0.34, 0.12, 0.19, 0.00, 0.99, 0.47, 0.16, 0.39, 0.20, 0.42, 0.40, 0.52, 0.79
 0.78, 0.88, 0.11, 0.13, 0.95, 0.21, 0.30, 0.24, 0.50, 0.80, 0.67, 0.32, 0.88, 0.11, 0.86, 0.91, 0.04, 0.24, 0.12, 0.32, 0.73, 0.80, 0.46, 0.42, 0.39, 0.13, 0.22, 0.84, 0.60, 0.46, 0.18, 0.22, 0.23, 0.30, 0.68, 0.52, 0.78, 0.63, 0.72, 0.06, 0.40, 0.84, 0.07, 0.62, 0.42, 0.45, 0.34, 0.38, 0.21, 0.10, 0.50, 0.53, 0.94, 0.27, 0.61, 0.38, 0.46, 0.19, 0.34, 0.26, 0.44, 0.94, 0.58, 0.75, 0.12, 0.04, 0.23, 0.25, 0.80, 0.21, 0.06, 0.15, 0.94, 0.97, 0.04, 0.03, 0.27, 0.11, 0.98, 0.50, 0.85, 0.65, 0.80, 0.26, 0.84, 0.40, 0.28, 0.85, 0.88, 0.92, 0.01, 0.19, 0.36, 0.17, 0.05, 0.21, 0.42, 0.67, 0.78, 0.69
